price,product name,ratings
$1713.74,"LG 86"" 4K UHD HDR LED webOS Smart TV (86UR7800PUA) - 2023 - Black - Only at Best Buy",1055 Reviews
$1413.74,"Samsung 85"" 4K UHD HDR LED Tizen Smart TV (UN85DU6900FXZC) - 2024 - Only at Best Buy",136 Reviews
$3513.74,"Samsung 98"" 4K UHD HDR LED Tizen OS Smart TV (UN98DU9000FXZC) - 2024",145 Reviews
$1513.74,"Hisense 85"" 4K UHD HDR QLED Smart Google TV (85QD7N) - 2024",424 Reviews
$1063.74,"Open Box - Samsung 85"" 4K UHD HDR LED Tizen Smart TV (UN85DU6900FXZC) - 2024",0 Reviews
$3213.74,"Hisense 100"" 4K UHD HDR QLED Smart Google TV (100QD7N) - 2024",488 Reviews
$7013.74,"Sony 98"" 4K UHD HDR LED Smart Google TV (XR98X90L)",262 Reviews
$5013.74,"Samsung 98"" 4K UHD HDR QLED Tizen Smart TV (QN98Q80CAFXZC) - 2023 - Titan Black",210 Reviews
$1913.74,"TCL 85"" QM7-Series 4K UHD HDR QD-Mini LED Smart Google TV (85QM751G) - 2024",240 Reviews
$3511.73,"LG 98"" 4K UHD HDR LED webOS Smart TV (98UT9000PUA) - 2024",39 Reviews
$2513.74,"Sony 85"" 4K UHD HDR LED Smart Google TV (XR85X90L)",871 Reviews
$1413.74,"LG 86"" 4K UHD HDR LED webOS 24 Smart TV (86UT8000PUA) - 2024 - Only at Best Buy",0 Reviews
$3013.74,"Samsung 85"" 4K UHD HDR Neo QLED Tizen Smart TV (QN85QN85DBFXZC) - 2024 - Graphite Black",470 Reviews
$26999.99,"TCL Q-Series 115"" 4K UHD HDR QD-Mini LED Smart Google TV (115QM891G) - 2024",9 Reviews
$2298.00,"SAMSUNG 85-Inch QLED 4K Q80D Series Quantum HDR+, 120 Hz refresh rate, Supersize Picture Enhancer, Q-Symphony, Gaming Hub, Smart TV - [QN85Q80DAFXZC] - Open Box (10/10 Condition)",0 Reviews
$2413.74,"Samsung 85"" 4K UHD HDR QLED Tizen OS Smart TV (QN85Q70DAFXZC) - 2024 - Only at Best Buy",176 Reviews
$2613.74,"Hisense 85"" 4K UHD HDR Mini LED Pro QLED Smart Google TV (85U88N) - 2024",253 Reviews
$1813.74,"Sony Bravia 3 85"" 4K UHD HDR LED Smart Google TV (K85S30B) - 2024",173 Reviews
$2313.74,"LG 86"" 4K UHD HDR QNED webOS Smart TV (86QNED85TUA) - 2024",0 Reviews
$2613.74,"Samsung 85"" 4K UHD HDR QLED Tizen OS Smart TV (QN85Q80DAFXZC) - 2024",202 Reviews
$5013.74,"TCL 98"" Q6-Series 4K UHD HDR QLED Smart Google TV (98Q651G-CA) - 2024",630 Reviews
$2513.74,"TCL 98"" S-Series 4K UHD HDR LED Smart Google TV (98S550G-CA) - 2023",311 Reviews
$3813.74,"Samsung 85"" HDR Neo QLED Tizen Smart TV (QN85QN90DAFXZC)- 2024 - Graphite Black",183 Reviews
$1413.74,"Samsung 85"" 4K UHD HDR LED Tizen OS Smart TV (UN85DU7100FXZC) - 2024",86 Reviews
